id,day,time,game_id,away_id,away_team,home_id,home_team,away_runs,home_runs
1,1,1905,GM_1,2,NYC,5,BOS,,
2,1,1905,GM_2,1,WAS,6,CLE,,
3,1,1905,GM_3,4,BKN,7,DET,,
4,1,1905,GM_4,3,PIT,8,PHI,,
5,1,1905,GM_5,10,HOU,13,SFN,,
6,1,1905,GM_6,9,CHR,14,KCM,,
7,1,1905,GM_7,12,LAP,15,OAK,,
8,1,1905,GM_8,11,SDT,16,OKC,,
9,2,1905,GM_9,2,NYC,5,BOS,,
10,2,1905,GM_10,1,WAS,6,CLE,,
11,2,1905,GM_11,4,BKN,7,DET,,
12,2,1905,GM_12,3,PIT,8,PHI,,
13,2,1905,GM_13,10,HOU,13,SFN,,
14,2,1905,GM_14,9,CHR,14,KCM,,
15,2,1905,GM_15,12,LAP,15,OAK,,
16,2,1905,GM_16,11,SDT,16,OKC,,
17,3,1905,GM_17,2,NYC,5,BOS,,
18,3,1905,GM_18,1,WAS,6,CLE,,
19,3,1905,GM_19,4,BKN,7,DET,,
20,3,1905,GM_20,3,PIT,8,PHI,,
21,3,1905,GM_21,10,HOU,13,SFN,,
22,3,1905,GM_22,9,CHR,14,KCM,,
23,3,1905,GM_23,12,LAP,15,OAK,,
24,3,1905,GM_24,11,SDT,16,OKC,,
25,4,1905,GM_25,2,NYC,3,PIT,,
26,4,1905,GM_26,1,WAS,4,BKN,,
27,4,1905,GM_27,6,CLE,7,DET,,
28,4,1905,GM_28,5,BOS,8,PHI,,
29,4,1905,GM_29,10,HOU,11,SDT,,
30,4,1905,GM_30,9,CHR,12,LAP,,
31,4,1905,GM_31,16,OKC,13,SFN,,
32,4,1905,GM_32,14,KCM,15,OAK,,
33,5,1905,GM_33,2,NYC,3,PIT,,
34,5,1905,GM_34,1,WAS,4,BKN,,
35,5,1905,GM_35,6,CLE,7,DET,,
36,5,1905,GM_36,5,BOS,8,PHI,,
37,5,1905,GM_37,10,HOU,11,SDT,,
38,5,1905,GM_38,9,CHR,12,LAP,,
39,5,1905,GM_39,16,OKC,13,SFN,,
40,5,1905,GM_40,14,KCM,15,OAK,,
41,6,1905,GM_41,2,NYC,3,PIT,,
42,6,1905,GM_42,1,WAS,4,BKN,,
43,6,1905,GM_43,6,CLE,7,DET,,
44,6,1905,GM_44,5,BOS,8,PHI,,
45,6,1905,GM_45,10,HOU,11,SDT,,
46,6,1905,GM_46,9,CHR,12,LAP,,
47,6,1905,GM_47,16,OKC,13,SFN,,
48,6,1905,GM_48,14,KCM,15,OAK,,
49,7,1905,GM_49,2,NYC,3,PIT,,
50,7,1905,GM_50,1,WAS,4,BKN,,
51,7,1905,GM_51,6,CLE,7,DET,,
52,7,1905,GM_52,5,BOS,8,PHI,,
53,7,1905,GM_53,10,HOU,11,SDT,,
54,7,1905,GM_54,9,CHR,12,LAP,,
55,7,1905,GM_55,16,OKC,13,SFN,,
56,7,1905,GM_56,14,KCM,15,OAK,,
57,8,1905,GM_57,4,BKN,5,BOS,,
58,8,1905,GM_58,3,PIT,6,CLE,,
59,8,1905,GM_59,15,OAK,10,HOU,,
60,8,1905,GM_60,14,KCM,11,SDT,,
61,9,1905,GM_61,8,PHI,1,WAS,,
62,9,1905,GM_62,7,DET,2,NYC,,
63,9,1905,GM_63,4,BKN,5,BOS,,
64,9,1905,GM_64,3,PIT,6,CLE,,
65,9,1905,GM_65,15,OAK,10,HOU,,
66,9,1905,GM_66,14,KCM,11,SDT,,
67,9,1905,GM_67,12,LAP,13,SFN,,
68,9,1905,GM_68,9,CHR,16,OKC,,
69,10,1905,GM_69,8,PHI,1,WAS,,
70,10,1905,GM_70,7,DET,2,NYC,,
71,10,1905,GM_71,4,BKN,5,BOS,,
72,10,1905,GM_72,3,PIT,6,CLE,,
73,10,1905,GM_73,15,OAK,10,HOU,,
74,10,1905,GM_74,14,KCM,11,SDT,,
75,10,1905,GM_75,12,LAP,13,SFN,,
76,10,1905,GM_76,9,CHR,16,OKC,,
77,11,1905,GM_77,8,PHI,1,WAS,,
78,11,1905,GM_78,7,DET,2,NYC,,
79,11,1905,GM_79,12,LAP,13,SFN,,
80,11,1905,GM_80,11,SDT,15,OAK,,
81,11,1905,GM_81,9,CHR,16,OKC,,
82,12,1905,GM_82,5,BOS,1,WAS,,
83,12,1905,GM_83,7,DET,3,PIT,,
84,12,1905,GM_84,2,NYC,6,CLE,,
85,12,1905,GM_85,4,BKN,8,PHI,,
86,12,1905,GM_86,13,SFN,9,CHR,,
87,12,1905,GM_87,10,HOU,14,KCM,,
88,12,1905,GM_88,11,SDT,15,OAK,,
89,12,1905,GM_89,12,LAP,16,OKC,,
90,13,1905,GM_90,5,BOS,1,WAS,,
91,13,1905,GM_91,7,DET,3,PIT,,
92,13,1905,GM_92,2,NYC,6,CLE,,
93,13,1905,GM_93,4,BKN,8,PHI,,
94,13,1905,GM_94,13,SFN,9,CHR,,
95,13,1905,GM_95,10,HOU,14,KCM,,
96,13,1905,GM_96,11,SDT,15,OAK,,
97,13,1905,GM_97,12,LAP,16,OKC,,
98,14,1905,GM_98,5,BOS,1,WAS,,
99,14,1905,GM_99,7,DET,3,PIT,,
100,14,1905,GM_100,2,NYC,6,CLE,,
101,14,1905,GM_101,4,BKN,8,PHI,,
102,14,1905,GM_102,13,SFN,9,CHR,,
103,14,1905,GM_103,10,HOU,14,KCM,,
104,14,1905,GM_104,11,SDT,15,OAK,,
105,14,1905,GM_105,12,LAP,16,OKC,,
106,15,1905,GM_106,1,WAS,9,CHR,,
107,15,1905,GM_107,4,BKN,12,LAP,,
108,15,1905,GM_108,5,BOS,13,SFN,,
109,15,1905,GM_109,6,CLE,14,KCM,,
110,15,1905,GM_110,8,PHI,16,OKC,,
111,16,1905,GM_111,1,WAS,9,CHR,,
112,16,1905,GM_112,2,NYC,10,HOU,,
113,16,1905,GM_113,3,PIT,11,SDT,,
114,16,1905,GM_114,4,BKN,12,LAP,,
115,16,1905,GM_115,5,BOS,13,SFN,,
116,16,1905,GM_116,6,CLE,14,KCM,,
117,16,1905,GM_117,7,DET,15,OAK,,
118,16,1905,GM_118,8,PHI,16,OKC,,
119,17,1905,GM_119,1,WAS,9,CHR,,
120,17,1905,GM_120,2,NYC,10,HOU,,
121,17,1905,GM_121,3,PIT,11,SDT,,
122,17,1905,GM_122,4,BKN,12,LAP,,
123,17,1905,GM_123,5,BOS,13,SFN,,
124,17,1905,GM_124,6,CLE,14,KCM,,
125,17,1905,GM_125,7,DET,15,OAK,,
126,17,1905,GM_126,8,PHI,16,OKC,,
127,18,1905,GM_127,2,NYC,10,HOU,,
128,18,1905,GM_128,3,PIT,11,SDT,,
129,18,1905,GM_129,7,DET,15,OAK,,
130,19,1905,GM_130,2,NYC,9,CHR,,
131,19,1905,GM_131,1,WAS,10,HOU,,
132,19,1905,GM_132,4,BKN,11,SDT,,
133,19,1905,GM_133,3,PIT,12,LAP,,
134,19,1905,GM_134,6,CLE,13,SFN,,
135,19,1905,GM_135,5,BOS,14,KCM,,
136,19,1905,GM_136,8,PHI,15,OAK,,
137,19,1905,GM_137,7,DET,16,OKC,,
138,20,1905,GM_138,2,NYC,9,CHR,,
139,20,1905,GM_139,1,WAS,10,HOU,,
140,20,1905,GM_140,4,BKN,11,SDT,,
141,20,1905,GM_141,3,PIT,12,LAP,,
142,20,1905,GM_142,6,CLE,13,SFN,,
143,20,1905,GM_143,5,BOS,14,KCM,,
144,20,1905,GM_144,8,PHI,15,OAK,,
145,20,1905,GM_145,7,DET,16,OKC,,
146,21,1905,GM_146,2,NYC,9,CHR,,
147,21,1905,GM_147,1,WAS,10,HOU,,
148,21,1905,GM_148,4,BKN,11,SDT,,
149,21,1905,GM_149,3,PIT,12,LAP,,
150,21,1905,GM_150,6,CLE,13,SFN,,
151,21,1905,GM_151,5,BOS,14,KCM,,
152,21,1905,GM_152,8,PHI,15,OAK,,
153,21,1905,GM_153,7,DET,16,OKC,,
154,22,1905,GM_154,1,WAS,3,PIT,,
155,22,1905,GM_155,2,NYC,4,BKN,,
156,22,1905,GM_156,6,CLE,8,PHI,,
157,22,1905,GM_157,10,HOU,12,LAP,,
158,22,1905,GM_158,16,OKC,14,KCM,,
159,22,1905,GM_159,13,SFN,15,OAK,,
160,23,1905,GM_160,1,WAS,3,PIT,,
161,23,1905,GM_161,2,NYC,4,BKN,,
162,23,1905,GM_162,5,BOS,7,DET,,
163,23,1905,GM_163,6,CLE,8,PHI,,
164,23,1905,GM_164,9,CHR,11,SDT,,
165,23,1905,GM_165,10,HOU,12,LAP,,
166,23,1905,GM_166,16,OKC,14,KCM,,
167,23,1905,GM_167,13,SFN,15,OAK,,
168,24,1905,GM_168,1,WAS,3,PIT,,
169,24,1905,GM_169,2,NYC,4,BKN,,
170,24,1905,GM_170,5,BOS,7,DET,,
171,24,1905,GM_171,6,CLE,8,PHI,,
172,24,1905,GM_172,9,CHR,11,SDT,,
173,24,1905,GM_173,10,HOU,12,LAP,,
174,24,1905,GM_174,16,OKC,14,KCM,,
175,24,1905,GM_175,13,SFN,15,OAK,,
176,25,1905,GM_176,1,WAS,2,NYC,,
177,25,1905,GM_177,5,BOS,7,DET,,
178,25,1905,GM_178,9,CHR,11,SDT,,
179,25,1905,GM_179,16,OKC,14,KCM,,
180,26,1905,GM_180,1,WAS,2,NYC,,
181,26,1905,GM_181,4,BKN,3,PIT,,
182,26,1905,GM_182,6,CLE,5,BOS,,
183,26,1905,GM_183,8,PHI,7,DET,,
184,26,1905,GM_184,10,HOU,9,CHR,,
185,26,1905,GM_185,12,LAP,11,SDT,,
186,26,1905,GM_186,14,KCM,13,SFN,,
187,26,1905,GM_187,15,OAK,16,OKC,,
188,27,1905,GM_188,1,WAS,2,NYC,,
189,27,1905,GM_189,4,BKN,3,PIT,,
190,27,1905,GM_190,6,CLE,5,BOS,,
191,27,1905,GM_191,8,PHI,7,DET,,
192,27,1905,GM_192,10,HOU,9,CHR,,
193,27,1905,GM_193,12,LAP,11,SDT,,
194,27,1905,GM_194,14,KCM,13,SFN,,
195,27,1905,GM_195,15,OAK,16,OKC,,
196,28,1905,GM_196,1,WAS,2,NYC,,
197,28,1905,GM_197,4,BKN,3,PIT,,
198,28,1905,GM_198,6,CLE,5,BOS,,
199,28,1905,GM_199,8,PHI,7,DET,,
200,28,1905,GM_200,10,HOU,9,CHR,,
201,28,1905,GM_201,12,LAP,11,SDT,,
202,28,1905,GM_202,14,KCM,13,SFN,,
203,28,1905,GM_203,15,OAK,16,OKC,,
204,29,1905,GM_204,8,PHI,5,BOS,,
205,29,1905,GM_205,7,DET,6,CLE,,
206,29,1905,GM_206,11,SDT,10,HOU,,
207,29,1905,GM_207,15,OAK,14,KCM,,
208,29,1905,GM_208,13,SFN,16,OKC,,
209,30,1905,GM_209,4,BKN,1,WAS,,
210,30,1905,GM_210,3,PIT,2,NYC,,
211,30,1905,GM_211,8,PHI,5,BOS,,
212,30,1905,GM_212,7,DET,6,CLE,,
213,30,1905,GM_213,12,LAP,9,CHR,,
214,30,1905,GM_214,11,SDT,10,HOU,,
215,30,1905,GM_215,15,OAK,14,KCM,,
216,30,1905,GM_216,13,SFN,16,OKC,,
217,31,1905,GM_217,4,BKN,1,WAS,,
218,31,1905,GM_218,3,PIT,2,NYC,,
219,31,1905,GM_219,8,PHI,5,BOS,,
220,31,1905,GM_220,7,DET,6,CLE,,
221,31,1905,GM_221,12,LAP,9,CHR,,
222,31,1905,GM_222,11,SDT,10,HOU,,
223,31,1905,GM_223,15,OAK,14,KCM,,
224,31,1905,GM_224,13,SFN,16,OKC,,
225,32,1905,GM_225,4,BKN,1,WAS,,
226,32,1905,GM_226,3,PIT,2,NYC,,
227,32,1905,GM_227,8,PHI,5,BOS,,
228,32,1905,GM_228,12,LAP,9,CHR,,
229,32,1905,GM_229,13,SFN,16,OKC,,
230,33,1905,GM_230,7,DET,1,WAS,,
231,33,1905,GM_231,8,PHI,2,NYC,,
232,33,1905,GM_232,5,BOS,3,PIT,,
233,33,1905,GM_233,6,CLE,4,BKN,,
234,33,1905,GM_234,15,OAK,9,CHR,,
235,33,1905,GM_235,16,OKC,10,HOU,,
236,33,1905,GM_236,13,SFN,11,SDT,,
237,33,1905,GM_237,14,KCM,12,LAP,,
238,34,1905,GM_238,7,DET,1,WAS,,
239,34,1905,GM_239,8,PHI,2,NYC,,
240,34,1905,GM_240,5,BOS,3,PIT,,
241,34,1905,GM_241,6,CLE,4,BKN,,
242,34,1905,GM_242,15,OAK,9,CHR,,
243,34,1905,GM_243,16,OKC,10,HOU,,
244,34,1905,GM_244,13,SFN,11,SDT,,
245,34,1905,GM_245,14,KCM,12,LAP,,
246,35,1905,GM_246,7,DET,1,WAS,,
247,35,1905,GM_247,8,PHI,2,NYC,,
248,35,1905,GM_248,5,BOS,3,PIT,,
249,35,1905,GM_249,6,CLE,4,BKN,,
250,35,1905,GM_250,15,OAK,9,CHR,,
251,35,1905,GM_251,16,OKC,10,HOU,,
252,35,1905,GM_252,13,SFN,11,SDT,,
253,35,1905,GM_253,14,KCM,12,LAP,,
254,36,1905,GM_254,7,DET,12,LAP,,
255,36,1905,GM_255,4,BKN,15,OAK,,
256,37,1905,GM_256,6,CLE,9,CHR,,
257,37,1905,GM_257,5,BOS,10,HOU,,
258,37,1905,GM_258,8,PHI,11,SDT,,
259,37,1905,GM_259,7,DET,12,LAP,,
260,37,1905,GM_260,2,NYC,13,SFN,,
261,37,1905,GM_261,1,WAS,14,KCM,,
262,37,1905,GM_262,4,BKN,15,OAK,,
263,37,1905,GM_263,3,PIT,16,OKC,,
264,38,1905,GM_264,6,CLE,9,CHR,,
265,38,1905,GM_265,5,BOS,10,HOU,,
266,38,1905,GM_266,8,PHI,11,SDT,,
267,38,1905,GM_267,7,DET,12,LAP,,
268,38,1905,GM_268,2,NYC,13,SFN,,
269,38,1905,GM_269,1,WAS,14,KCM,,
270,38,1905,GM_270,4,BKN,15,OAK,,
271,38,1905,GM_271,3,PIT,16,OKC,,
272,39,1905,GM_272,6,CLE,9,CHR,,
273,39,1905,GM_273,5,BOS,10,HOU,,
274,39,1905,GM_274,8,PHI,11,SDT,,
275,39,1905,GM_275,2,NYC,13,SFN,,
276,39,1905,GM_276,1,WAS,14,KCM,,
277,39,1905,GM_277,3,PIT,16,OKC,,
278,40,1905,GM_278,13,SFN,1,WAS,,
279,40,1905,GM_279,14,KCM,2,NYC,,
280,40,1905,GM_280,15,OAK,3,PIT,,
281,40,1905,GM_281,16,OKC,4,BKN,,
282,40,1905,GM_282,9,CHR,5,BOS,,
283,40,1905,GM_283,10,HOU,6,CLE,,
284,40,1905,GM_284,11,SDT,7,DET,,
285,40,1905,GM_285,12,LAP,8,PHI,,
286,41,1905,GM_286,13,SFN,1,WAS,,
287,41,1905,GM_287,14,KCM,2,NYC,,
288,41,1905,GM_288,15,OAK,3,PIT,,
289,41,1905,GM_289,16,OKC,4,BKN,,
290,41,1905,GM_290,9,CHR,5,BOS,,
291,41,1905,GM_291,10,HOU,6,CLE,,
292,41,1905,GM_292,11,SDT,7,DET,,
293,41,1905,GM_293,12,LAP,8,PHI,,
294,42,1905,GM_294,13,SFN,1,WAS,,
295,42,1905,GM_295,14,KCM,2,NYC,,
296,42,1905,GM_296,15,OAK,3,PIT,,
297,42,1905,GM_297,16,OKC,4,BKN,,
298,42,1905,GM_298,9,CHR,5,BOS,,
299,42,1905,GM_299,10,HOU,6,CLE,,
300,42,1905,GM_300,11,SDT,7,DET,,
301,42,1905,GM_301,12,LAP,8,PHI,,
302,43,1905,GM_302,8,PHI,4,BKN,,
303,43,1905,GM_303,1,WAS,5,BOS,,
304,43,1905,GM_304,2,NYC,6,CLE,,
305,43,1905,GM_305,3,PIT,7,DET,,
306,43,1905,GM_306,14,KCM,10,HOU,,
307,43,1905,GM_307,16,OKC,12,LAP,,
308,43,1905,GM_308,9,CHR,13,SFN,,
309,43,1905,GM_309,11,SDT,15,OAK,,
310,44,1905,GM_310,8,PHI,4,BKN,,
311,44,1905,GM_311,1,WAS,5,BOS,,
312,44,1905,GM_312,2,NYC,6,CLE,,
313,44,1905,GM_313,3,PIT,7,DET,,
314,44,1905,GM_314,14,KCM,10,HOU,,
315,44,1905,GM_315,16,OKC,12,LAP,,
316,44,1905,GM_316,9,CHR,13,SFN,,
317,44,1905,GM_317,11,SDT,15,OAK,,
318,45,1905,GM_318,8,PHI,4,BKN,,
319,45,1905,GM_319,1,WAS,5,BOS,,
320,45,1905,GM_320,2,NYC,6,CLE,,
321,45,1905,GM_321,3,PIT,7,DET,,
322,45,1905,GM_322,14,KCM,10,HOU,,
323,45,1905,GM_323,16,OKC,12,LAP,,
324,45,1905,GM_324,9,CHR,13,SFN,,
325,45,1905,GM_325,11,SDT,15,OAK,,
326,46,1905,GM_326,8,PHI,4,BKN,,
327,46,1905,GM_327,1,WAS,5,BOS,,
328,46,1905,GM_328,3,PIT,7,DET,,
329,46,1905,GM_329,14,KCM,10,HOU,,
330,46,1905,GM_330,16,OKC,12,LAP,,
331,46,1905,GM_331,9,CHR,13,SFN,,
332,46,1905,GM_332,11,SDT,15,OAK,,
333,47,1905,GM_333,5,BOS,4,BKN,,
334,47,1905,GM_334,3,PIT,6,CLE,,
335,47,1905,GM_335,2,NYC,7,DET,,
336,47,1905,GM_336,1,WAS,8,PHI,,
337,47,1905,GM_337,13,SFN,12,LAP,,
338,47,1905,GM_338,11,SDT,14,KCM,,
339,47,1905,GM_339,10,HOU,15,OAK,,
340,47,1905,GM_340,9,CHR,16,OKC,,
341,48,1905,GM_341,5,BOS,4,BKN,,
342,48,1905,GM_342,3,PIT,6,CLE,,
343,48,1905,GM_343,2,NYC,7,DET,,
344,48,1905,GM_344,1,WAS,8,PHI,,
345,48,1905,GM_345,13,SFN,12,LAP,,
346,48,1905,GM_346,11,SDT,14,KCM,,
347,48,1905,GM_347,10,HOU,15,OAK,,
348,48,1905,GM_348,9,CHR,16,OKC,,
349,49,1905,GM_349,5,BOS,4,BKN,,
350,49,1905,GM_350,3,PIT,6,CLE,,
351,49,1905,GM_351,2,NYC,7,DET,,
352,49,1905,GM_352,1,WAS,8,PHI,,
353,49,1905,GM_353,13,SFN,12,LAP,,
354,49,1905,GM_354,11,SDT,14,KCM,,
355,49,1905,GM_355,10,HOU,15,OAK,,
356,49,1905,GM_356,9,CHR,16,OKC,,
357,50,1905,GM_357,2,NYC,1,WAS,,
358,50,1905,GM_358,4,BKN,3,PIT,,
359,50,1905,GM_359,6,CLE,5,BOS,,
360,50,1905,GM_360,8,PHI,7,DET,,
361,50,1905,GM_361,10,HOU,9,CHR,,
362,50,1905,GM_362,12,LAP,11,SDT,,
363,50,1905,GM_363,14,KCM,13,SFN,,
364,50,1905,GM_364,16,OKC,15,OAK,,
365,51,1905,GM_365,2,NYC,1,WAS,,
366,51,1905,GM_366,4,BKN,3,PIT,,
367,51,1905,GM_367,6,CLE,5,BOS,,
368,51,1905,GM_368,8,PHI,7,DET,,
369,51,1905,GM_369,10,HOU,9,CHR,,
370,51,1905,GM_370,12,LAP,11,SDT,,
371,51,1905,GM_371,14,KCM,13,SFN,,
372,51,1905,GM_372,16,OKC,15,OAK,,
373,52,1905,GM_373,2,NYC,1,WAS,,
374,52,1905,GM_374,4,BKN,3,PIT,,
375,52,1905,GM_375,6,CLE,5,BOS,,
376,52,1905,GM_376,8,PHI,7,DET,,
377,52,1905,GM_377,10,HOU,9,CHR,,
378,52,1905,GM_378,12,LAP,11,SDT,,
379,52,1905,GM_379,14,KCM,13,SFN,,
380,52,1905,GM_380,16,OKC,15,OAK,,
381,53,1905,GM_381,6,CLE,1,WAS,,
382,53,1905,GM_382,5,BOS,2,NYC,,
383,53,1905,GM_383,8,PHI,3,PIT,,
384,53,1905,GM_384,7,DET,4,BKN,,
385,53,1905,GM_385,14,KCM,9,CHR,,
386,53,1905,GM_386,13,SFN,10,HOU,,
387,53,1905,GM_387,16,OKC,11,SDT,,
388,53,1905,GM_388,15,OAK,12,LAP,,
389,54,1905,GM_389,6,CLE,1,WAS,,
390,54,1905,GM_390,5,BOS,2,NYC,,
391,54,1905,GM_391,8,PHI,3,PIT,,
392,54,1905,GM_392,7,DET,4,BKN,,
393,54,1905,GM_393,14,KCM,9,CHR,,
394,54,1905,GM_394,13,SFN,10,HOU,,
395,54,1905,GM_395,16,OKC,11,SDT,,
396,54,1905,GM_396,15,OAK,12,LAP,,
397,55,1905,GM_397,6,CLE,1,WAS,,
398,55,1905,GM_398,5,BOS,2,NYC,,
399,55,1905,GM_399,8,PHI,3,PIT,,
400,55,1905,GM_400,7,DET,4,BKN,,
401,55,1905,GM_401,14,KCM,9,CHR,,
402,55,1905,GM_402,13,SFN,10,HOU,,
403,55,1905,GM_403,16,OKC,11,SDT,,
404,55,1905,GM_404,15,OAK,12,LAP,,
405,56,1905,GM_405,6,CLE,1,WAS,,
406,56,1905,GM_406,5,BOS,2,NYC,,
407,56,1905,GM_407,8,PHI,3,PIT,,
408,56,1905,GM_408,7,DET,4,BKN,,
409,56,1905,GM_409,14,KCM,9,CHR,,
410,56,1905,GM_410,13,SFN,10,HOU,,
411,56,1905,GM_411,16,OKC,11,SDT,,
412,56,1905,GM_412,15,OAK,12,LAP,,
413,57,1905,GM_413,12,LAP,1,WAS,,
414,57,1905,GM_414,14,KCM,3,PIT,,
415,57,1905,GM_415,16,OKC,5,BOS,,
416,57,1905,GM_416,10,HOU,7,DET,,
417,57,1905,GM_417,9,CHR,8,PHI,,
418,58,1905,GM_418,12,LAP,1,WAS,,
419,58,1905,GM_419,11,SDT,2,NYC,,
420,58,1905,GM_420,14,KCM,3,PIT,,
421,58,1905,GM_421,13,SFN,4,BKN,,
422,58,1905,GM_422,16,OKC,5,BOS,,
423,58,1905,GM_423,15,OAK,6,CLE,,
424,58,1905,GM_424,10,HOU,7,DET,,
425,58,1905,GM_425,9,CHR,8,PHI,,
426,59,1905,GM_426,12,LAP,1,WAS,,
427,59,1905,GM_427,11,SDT,2,NYC,,
428,59,1905,GM_428,14,KCM,3,PIT,,
429,59,1905,GM_429,13,SFN,4,BKN,,
430,59,1905,GM_430,16,OKC,5,BOS,,
431,59,1905,GM_431,15,OAK,6,CLE,,
432,59,1905,GM_432,10,HOU,7,DET,,
433,59,1905,GM_433,9,CHR,8,PHI,,
434,60,1905,GM_434,11,SDT,2,NYC,,
435,60,1905,GM_435,13,SFN,4,BKN,,
436,60,1905,GM_436,15,OAK,6,CLE,,
437,61,1905,GM_437,11,SDT,1,WAS,,
438,61,1905,GM_438,12,LAP,2,NYC,,
439,61,1905,GM_439,13,SFN,3,PIT,,
440,61,1905,GM_440,14,KCM,4,BKN,,
441,61,1905,GM_441,15,OAK,5,BOS,,
442,61,1905,GM_442,16,OKC,6,CLE,,
443,61,1905,GM_443,9,CHR,7,DET,,
444,61,1905,GM_444,10,HOU,8,PHI,,
445,62,1905,GM_445,11,SDT,1,WAS,,
446,62,1905,GM_446,12,LAP,2,NYC,,
447,62,1905,GM_447,13,SFN,3,PIT,,
448,62,1905,GM_448,14,KCM,4,BKN,,
449,62,1905,GM_449,15,OAK,5,BOS,,
450,62,1905,GM_450,16,OKC,6,CLE,,
451,62,1905,GM_451,9,CHR,7,DET,,
452,62,1905,GM_452,10,HOU,8,PHI,,
453,63,1905,GM_453,11,SDT,1,WAS,,
454,63,1905,GM_454,12,LAP,2,NYC,,
455,63,1905,GM_455,13,SFN,3,PIT,,
456,63,1905,GM_456,14,KCM,4,BKN,,
457,63,1905,GM_457,15,OAK,5,BOS,,
458,63,1905,GM_458,16,OKC,6,CLE,,
459,63,1905,GM_459,9,CHR,7,DET,,
460,63,1905,GM_460,10,HOU,8,PHI,,
461,64,1905,GM_461,3,PIT,5,BOS,,
462,64,1905,GM_462,4,BKN,6,CLE,,
463,64,1905,GM_463,1,WAS,7,DET,,
464,64,1905,GM_464,2,NYC,8,PHI,,
465,64,1905,GM_465,11,SDT,13,SFN,,
466,64,1905,GM_466,12,LAP,14,KCM,,
467,64,1905,GM_467,9,CHR,15,OAK,,
468,64,1905,GM_468,10,HOU,16,OKC,,
469,65,1905,GM_469,3,PIT,5,BOS,,
470,65,1905,GM_470,4,BKN,6,CLE,,
471,65,1905,GM_471,1,WAS,7,DET,,
472,65,1905,GM_472,2,NYC,8,PHI,,
473,65,1905,GM_473,11,SDT,13,SFN,,
474,65,1905,GM_474,12,LAP,14,KCM,,
475,65,1905,GM_475,9,CHR,15,OAK,,
476,65,1905,GM_476,10,HOU,16,OKC,,
477,66,1905,GM_477,3,PIT,5,BOS,,
478,66,1905,GM_478,4,BKN,6,CLE,,
479,66,1905,GM_479,1,WAS,7,DET,,
480,66,1905,GM_480,2,NYC,8,PHI,,
481,66,1905,GM_481,11,SDT,13,SFN,,
482,66,1905,GM_482,12,LAP,14,KCM,,
483,66,1905,GM_483,9,CHR,15,OAK,,
484,66,1905,GM_484,10,HOU,16,OKC,,
485,67,1905,GM_485,3,PIT,5,BOS,,
486,67,1905,GM_486,4,BKN,6,CLE,,
487,67,1905,GM_487,1,WAS,7,DET,,
488,67,1905,GM_488,2,NYC,8,PHI,,
489,67,1905,GM_489,11,SDT,13,SFN,,
490,67,1905,GM_490,12,LAP,14,KCM,,
491,67,1905,GM_491,9,CHR,15,OAK,,
492,67,1905,GM_492,10,HOU,16,OKC,,
493,68,1905,GM_493,1,WAS,3,PIT,,
494,68,1905,GM_494,2,NYC,4,BKN,,
495,68,1905,GM_495,5,BOS,7,DET,,
496,68,1905,GM_496,6,CLE,8,PHI,,
497,68,1905,GM_497,9,CHR,11,SDT,,
498,68,1905,GM_498,10,HOU,12,LAP,,
499,68,1905,GM_499,13,SFN,15,OAK,,
500,68,1905,GM_500,14,KCM,16,OKC,,
501,69,1905,GM_501,1,WAS,3,PIT,,
502,69,1905,GM_502,2,NYC,4,BKN,,
503,69,1905,GM_503,5,BOS,7,DET,,
504,69,1905,GM_504,6,CLE,8,PHI,,
505,69,1905,GM_505,9,CHR,11,SDT,,
506,69,1905,GM_506,10,HOU,12,LAP,,
507,69,1905,GM_507,13,SFN,15,OAK,,
508,69,1905,GM_508,14,KCM,16,OKC,,
509,70,1905,GM_509,1,WAS,3,PIT,,
510,70,1905,GM_510,2,NYC,4,BKN,,
511,70,1905,GM_511,5,BOS,7,DET,,
512,70,1905,GM_512,6,CLE,8,PHI,,
513,70,1905,GM_513,9,CHR,11,SDT,,
514,70,1905,GM_514,10,HOU,12,LAP,,
515,70,1905,GM_515,13,SFN,15,OAK,,
516,70,1905,GM_516,14,KCM,16,OKC,,
517,71,1905,GM_517,8,PHI,1,WAS,,
518,71,1905,GM_518,7,DET,2,NYC,,
519,71,1905,GM_519,3,PIT,6,CLE,,
520,71,1905,GM_520,13,SFN,12,LAP,,
521,72,1905,GM_521,8,PHI,1,WAS,,
522,72,1905,GM_522,7,DET,2,NYC,,
523,72,1905,GM_523,5,BOS,4,BKN,,
524,72,1905,GM_524,3,PIT,6,CLE,,
525,72,1905,GM_525,16,OKC,9,CHR,,
526,72,1905,GM_526,15,OAK,10,HOU,,
527,72,1905,GM_527,13,SFN,12,LAP,,
528,72,1905,GM_528,11,SDT,14,KCM,,
529,73,1905,GM_529,8,PHI,1,WAS,,
530,73,1905,GM_530,7,DET,2,NYC,,
531,73,1905,GM_531,5,BOS,4,BKN,,
532,73,1905,GM_532,3,PIT,6,CLE,,
533,73,1905,GM_533,16,OKC,9,CHR,,
534,73,1905,GM_534,15,OAK,10,HOU,,
535,73,1905,GM_535,13,SFN,12,LAP,,
536,73,1905,GM_536,11,SDT,14,KCM,,
537,74,1905,GM_537,8,PHI,1,WAS,,
538,74,1905,GM_538,5,BOS,4,BKN,,
539,74,1905,GM_539,16,OKC,9,CHR,,
540,74,1905,GM_540,15,OAK,10,HOU,,
541,74,1905,GM_541,11,SDT,14,KCM,,
542,75,1905,GM_542,4,BKN,1,WAS,,
543,75,1905,GM_543,3,PIT,2,NYC,,
544,75,1905,GM_544,8,PHI,5,BOS,,
545,75,1905,GM_545,7,DET,6,CLE,,
546,75,1905,GM_546,12,LAP,9,CHR,,
547,75,1905,GM_547,11,SDT,10,HOU,,
548,75,1905,GM_548,16,OKC,13,SFN,,
549,75,1905,GM_549,15,OAK,14,KCM,,
550,76,1905,GM_550,4,BKN,1,WAS,,
551,76,1905,GM_551,3,PIT,2,NYC,,
552,76,1905,GM_552,8,PHI,5,BOS,,
553,76,1905,GM_553,7,DET,6,CLE,,
554,76,1905,GM_554,12,LAP,9,CHR,,
555,76,1905,GM_555,11,SDT,10,HOU,,
556,76,1905,GM_556,16,OKC,13,SFN,,
557,76,1905,GM_557,15,OAK,14,KCM,,
558,77,1905,GM_558,4,BKN,1,WAS,,
559,77,1905,GM_559,3,PIT,2,NYC,,
560,77,1905,GM_560,8,PHI,5,BOS,,
561,77,1905,GM_561,7,DET,6,CLE,,
562,77,1905,GM_562,12,LAP,9,CHR,,
563,77,1905,GM_563,11,SDT,10,HOU,,
564,77,1905,GM_564,16,OKC,13,SFN,,
565,77,1905,GM_565,15,OAK,14,KCM,,
566,78,1905,GM_566,16,OKC,2,NYC,,
567,78,1905,GM_567,9,CHR,3,PIT,,
568,78,1905,GM_568,12,LAP,6,CLE,,
569,79,1905,GM_569,15,OAK,1,WAS,,
570,79,1905,GM_570,16,OKC,2,NYC,,
571,79,1905,GM_571,9,CHR,3,PIT,,
572,79,1905,GM_572,10,HOU,4,BKN,,
573,79,1905,GM_573,11,SDT,5,BOS,,
574,79,1905,GM_574,12,LAP,6,CLE,,
575,79,1905,GM_575,13,SFN,7,DET,,
576,79,1905,GM_576,14,KCM,8,PHI,,
577,80,1905,GM_577,15,OAK,1,WAS,,
578,80,1905,GM_578,16,OKC,2,NYC,,
579,80,1905,GM_579,9,CHR,3,PIT,,
580,80,1905,GM_580,10,HOU,4,BKN,,
581,80,1905,GM_581,11,SDT,5,BOS,,
582,80,1905,GM_582,12,LAP,6,CLE,,
583,80,1905,GM_583,13,SFN,7,DET,,
584,80,1905,GM_584,14,KCM,8,PHI,,
585,81,1905,GM_585,15,OAK,1,WAS,,
586,81,1905,GM_586,10,HOU,4,BKN,,
587,81,1905,GM_587,11,SDT,5,BOS,,
588,81,1905,GM_588,13,SFN,7,DET,,
589,81,1905,GM_589,14,KCM,8,PHI,,
590,82,1905,GM_590,4,BKN,9,CHR,,
591,82,1905,GM_591,3,PIT,10,HOU,,
592,82,1905,GM_592,6,CLE,11,SDT,,
593,82,1905,GM_593,5,BOS,12,LAP,,
594,82,1905,GM_594,8,PHI,13,SFN,,
595,82,1905,GM_595,7,DET,14,KCM,,
596,82,1905,GM_596,2,NYC,15,OAK,,
597,82,1905,GM_597,1,WAS,16,OKC,,
598,83,1905,GM_598,4,BKN,9,CHR,,
599,83,1905,GM_599,3,PIT,10,HOU,,
600,83,1905,GM_600,6,CLE,11,SDT,,
601,83,1905,GM_601,5,BOS,12,LAP,,
602,83,1905,GM_602,8,PHI,13,SFN,,
603,83,1905,GM_603,7,DET,14,KCM,,
604,83,1905,GM_604,2,NYC,15,OAK,,
605,83,1905,GM_605,1,WAS,16,OKC,,
606,84,1905,GM_606,4,BKN,9,CHR,,
607,84,1905,GM_607,3,PIT,10,HOU,,
608,84,1905,GM_608,6,CLE,11,SDT,,
609,84,1905,GM_609,5,BOS,12,LAP,,
610,84,1905,GM_610,8,PHI,13,SFN,,
611,84,1905,GM_611,7,DET,14,KCM,,
612,84,1905,GM_612,2,NYC,15,OAK,,
613,84,1905,GM_613,1,WAS,16,OKC,,
614,85,1905,GM_614,1,WAS,6,CLE,,
615,85,1905,GM_615,4,BKN,7,DET,,
616,85,1905,GM_616,3,PIT,8,PHI,,
617,85,1905,GM_617,10,HOU,13,SFN,,
618,85,1905,GM_618,11,SDT,16,OKC,,
619,86,1905,GM_619,2,NYC,5,BOS,,
620,86,1905,GM_620,1,WAS,6,CLE,,
621,86,1905,GM_621,4,BKN,7,DET,,
622,86,1905,GM_622,3,PIT,8,PHI,,
623,86,1905,GM_623,10,HOU,13,SFN,,
624,86,1905,GM_624,9,CHR,14,KCM,,
625,86,1905,GM_625,12,LAP,15,OAK,,
626,86,1905,GM_626,11,SDT,16,OKC,,
627,87,1905,GM_627,2,NYC,5,BOS,,
628,87,1905,GM_628,1,WAS,6,CLE,,
629,87,1905,GM_629,4,BKN,7,DET,,
630,87,1905,GM_630,3,PIT,8,PHI,,
631,87,1905,GM_631,10,HOU,13,SFN,,
632,87,1905,GM_632,9,CHR,14,KCM,,
633,87,1905,GM_633,12,LAP,15,OAK,,
634,87,1905,GM_634,11,SDT,16,OKC,,
635,88,1905,GM_635,2,NYC,5,BOS,,
636,88,1905,GM_636,9,CHR,14,KCM,,
637,88,1905,GM_637,12,LAP,15,OAK,,
638,89,1905,GM_638,7,DET,1,WAS,,
639,89,1905,GM_639,5,BOS,3,PIT,,
640,89,1905,GM_640,6,CLE,4,BKN,,
641,89,1905,GM_641,2,NYC,8,PHI,,
642,89,1905,GM_642,15,OAK,9,CHR,,
643,89,1905,GM_643,16,OKC,10,HOU,,
644,89,1905,GM_644,13,SFN,11,SDT,,
645,89,1905,GM_645,14,KCM,12,LAP,,
646,90,1905,GM_646,7,DET,1,WAS,,
647,90,1905,GM_647,5,BOS,3,PIT,,
648,90,1905,GM_648,6,CLE,4,BKN,,
649,90,1905,GM_649,2,NYC,8,PHI,,
650,90,1905,GM_650,15,OAK,9,CHR,,
651,90,1905,GM_651,16,OKC,10,HOU,,
652,90,1905,GM_652,13,SFN,11,SDT,,
653,90,1905,GM_653,14,KCM,12,LAP,,
654,91,1905,GM_654,7,DET,1,WAS,,
655,91,1905,GM_655,5,BOS,3,PIT,,
656,91,1905,GM_656,6,CLE,4,BKN,,
657,91,1905,GM_657,2,NYC,8,PHI,,
658,91,1905,GM_658,15,OAK,9,CHR,,
659,91,1905,GM_659,16,OKC,10,HOU,,
660,91,1905,GM_660,13,SFN,11,SDT,,
661,91,1905,GM_661,14,KCM,12,LAP,,
662,92,1905,GM_662,3,PIT,1,WAS,,
663,92,1905,GM_663,4,BKN,2,NYC,,
664,92,1905,GM_664,7,DET,5,BOS,,
665,92,1905,GM_665,8,PHI,6,CLE,,
666,92,1905,GM_666,11,SDT,9,CHR,,
667,92,1905,GM_667,12,LAP,10,HOU,,
668,92,1905,GM_668,15,OAK,13,SFN,,
669,92,1905,GM_669,14,KCM,16,OKC,,
670,93,1905,GM_670,3,PIT,1,WAS,,
671,93,1905,GM_671,4,BKN,2,NYC,,
672,93,1905,GM_672,7,DET,5,BOS,,
673,93,1905,GM_673,8,PHI,6,CLE,,
674,93,1905,GM_674,11,SDT,9,CHR,,
675,93,1905,GM_675,12,LAP,10,HOU,,
676,93,1905,GM_676,15,OAK,13,SFN,,
677,93,1905,GM_677,14,KCM,16,OKC,,
678,94,1905,GM_678,3,PIT,1,WAS,,
679,94,1905,GM_679,4,BKN,2,NYC,,
680,94,1905,GM_680,7,DET,5,BOS,,
681,94,1905,GM_681,8,PHI,6,CLE,,
682,94,1905,GM_682,11,SDT,9,CHR,,
683,94,1905,GM_683,12,LAP,10,HOU,,
684,94,1905,GM_684,15,OAK,13,SFN,,
685,94,1905,GM_685,14,KCM,16,OKC,,
686,95,1905,GM_686,6,CLE,2,NYC,,
687,95,1905,GM_687,1,WAS,5,BOS,,
688,95,1905,GM_688,14,KCM,10,HOU,,
689,95,1905,GM_689,16,OKC,12,LAP,,
690,96,1905,GM_690,6,CLE,2,NYC,,
691,96,1905,GM_691,7,DET,3,PIT,,
692,96,1905,GM_692,1,WAS,5,BOS,,
693,96,1905,GM_693,4,BKN,8,PHI,,
694,96,1905,GM_694,13,SFN,9,CHR,,
695,96,1905,GM_695,14,KCM,10,HOU,,
696,96,1905,GM_696,15,OAK,11,SDT,,
697,96,1905,GM_697,16,OKC,12,LAP,,
698,97,1905,GM_698,6,CLE,2,NYC,,
699,97,1905,GM_699,7,DET,3,PIT,,
700,97,1905,GM_700,1,WAS,5,BOS,,
701,97,1905,GM_701,4,BKN,8,PHI,,
702,97,1905,GM_702,13,SFN,9,CHR,,
703,97,1905,GM_703,14,KCM,10,HOU,,
704,97,1905,GM_704,15,OAK,11,SDT,,
705,97,1905,GM_705,16,OKC,12,LAP,,
706,98,1905,GM_706,6,CLE,2,NYC,,
707,98,1905,GM_707,7,DET,3,PIT,,
708,98,1905,GM_708,1,WAS,5,BOS,,
709,98,1905,GM_709,4,BKN,8,PHI,,
710,98,1905,GM_710,13,SFN,9,CHR,,
711,98,1905,GM_711,14,KCM,10,HOU,,
712,98,1905,GM_712,15,OAK,11,SDT,,
713,98,1905,GM_713,16,OKC,12,LAP,,
714,102,1905,GM_714,3,PIT,4,BKN,,
715,102,1905,GM_715,5,BOS,6,CLE,,
716,102,1905,GM_716,7,DET,8,PHI,,
717,102,1905,GM_717,9,CHR,10,HOU,,
718,102,1905,GM_718,11,SDT,12,LAP,,
719,102,1905,GM_719,13,SFN,14,KCM,,
720,103,1905,GM_720,2,NYC,1,WAS,,
721,103,1905,GM_721,3,PIT,4,BKN,,
722,103,1905,GM_722,5,BOS,6,CLE,,
723,103,1905,GM_723,7,DET,8,PHI,,
724,103,1905,GM_724,9,CHR,10,HOU,,
725,103,1905,GM_725,11,SDT,12,LAP,,
726,103,1905,GM_726,13,SFN,14,KCM,,
727,103,1905,GM_727,16,OKC,15,OAK,,
728,104,1905,GM_728,2,NYC,1,WAS,,
729,104,1905,GM_729,3,PIT,4,BKN,,
730,104,1905,GM_730,5,BOS,6,CLE,,
731,104,1905,GM_731,7,DET,8,PHI,,
732,104,1905,GM_732,9,CHR,10,HOU,,
733,104,1905,GM_733,11,SDT,12,LAP,,
734,104,1905,GM_734,13,SFN,14,KCM,,
735,104,1905,GM_735,16,OKC,15,OAK,,
736,105,1905,GM_736,2,NYC,1,WAS,,
737,105,1905,GM_737,3,PIT,4,BKN,,
738,105,1905,GM_738,5,BOS,6,CLE,,
739,105,1905,GM_739,7,DET,8,PHI,,
740,105,1905,GM_740,9,CHR,10,HOU,,
741,105,1905,GM_741,11,SDT,12,LAP,,
742,105,1905,GM_742,13,SFN,14,KCM,,
743,105,1905,GM_743,16,OKC,15,OAK,,
744,106,1905,GM_744,10,HOU,1,WAS,,
745,106,1905,GM_745,9,CHR,2,NYC,,
746,106,1905,GM_746,11,SDT,4,BKN,,
747,106,1905,GM_747,14,KCM,5,BOS,,
748,106,1905,GM_748,16,OKC,7,DET,,
749,106,1905,GM_749,15,OAK,8,PHI,,
750,107,1905,GM_750,10,HOU,1,WAS,,
751,107,1905,GM_751,9,CHR,2,NYC,,
752,107,1905,GM_752,12,LAP,3,PIT,,
753,107,1905,GM_753,11,SDT,4,BKN,,
754,107,1905,GM_754,14,KCM,5,BOS,,
755,107,1905,GM_755,13,SFN,6,CLE,,
756,107,1905,GM_756,16,OKC,7,DET,,
757,107,1905,GM_757,15,OAK,8,PHI,,
758,108,1905,GM_758,10,HOU,1,WAS,,
759,108,1905,GM_759,9,CHR,2,NYC,,
760,108,1905,GM_760,12,LAP,3,PIT,,
761,108,1905,GM_761,11,SDT,4,BKN,,
762,108,1905,GM_762,14,KCM,5,BOS,,
763,108,1905,GM_763,13,SFN,6,CLE,,
764,108,1905,GM_764,16,OKC,7,DET,,
765,108,1905,GM_765,15,OAK,8,PHI,,
766,109,1905,GM_766,12,LAP,3,PIT,,
767,109,1905,GM_767,13,SFN,6,CLE,,
768,110,1905,GM_768,9,CHR,1,WAS,,
769,110,1905,GM_769,10,HOU,2,NYC,,
770,110,1905,GM_770,11,SDT,3,PIT,,
771,110,1905,GM_771,12,LAP,4,BKN,,
772,110,1905,GM_772,13,SFN,5,BOS,,
773,110,1905,GM_773,14,KCM,6,CLE,,
774,110,1905,GM_774,15,OAK,7,DET,,
775,110,1905,GM_775,16,OKC,8,PHI,,
776,111,1905,GM_776,9,CHR,1,WAS,,
777,111,1905,GM_777,10,HOU,2,NYC,,
778,111,1905,GM_778,11,SDT,3,PIT,,
779,111,1905,GM_779,12,LAP,4,BKN,,
780,111,1905,GM_780,13,SFN,5,BOS,,
781,111,1905,GM_781,14,KCM,6,CLE,,
782,111,1905,GM_782,15,OAK,7,DET,,
783,111,1905,GM_783,16,OKC,8,PHI,,
784,112,1905,GM_784,9,CHR,1,WAS,,
785,112,1905,GM_785,10,HOU,2,NYC,,
786,112,1905,GM_786,11,SDT,3,PIT,,
787,112,1905,GM_787,12,LAP,4,BKN,,
788,112,1905,GM_788,13,SFN,5,BOS,,
789,112,1905,GM_789,14,KCM,6,CLE,,
790,112,1905,GM_790,15,OAK,7,DET,,
791,112,1905,GM_791,16,OKC,8,PHI,,
792,113,1905,GM_792,8,PHI,2,NYC,,
793,113,1905,GM_793,3,PIT,5,BOS,,
794,113,1905,GM_794,4,BKN,6,CLE,,
795,113,1905,GM_795,1,WAS,7,DET,,
796,113,1905,GM_796,11,SDT,13,SFN,,
797,113,1905,GM_797,12,LAP,14,KCM,,
798,113,1905,GM_798,9,CHR,15,OAK,,
799,113,1905,GM_799,10,HOU,16,OKC,,
800,114,1905,GM_800,8,PHI,2,NYC,,
801,114,1905,GM_801,3,PIT,5,BOS,,
802,114,1905,GM_802,4,BKN,6,CLE,,
803,114,1905,GM_803,1,WAS,7,DET,,
804,114,1905,GM_804,11,SDT,13,SFN,,
805,114,1905,GM_805,12,LAP,14,KCM,,
806,114,1905,GM_806,9,CHR,15,OAK,,
807,114,1905,GM_807,10,HOU,16,OKC,,
808,115,1905,GM_808,8,PHI,2,NYC,,
809,115,1905,GM_809,3,PIT,5,BOS,,
810,115,1905,GM_810,4,BKN,6,CLE,,
811,115,1905,GM_811,1,WAS,7,DET,,
812,115,1905,GM_812,11,SDT,13,SFN,,
813,115,1905,GM_813,12,LAP,14,KCM,,
814,115,1905,GM_814,9,CHR,15,OAK,,
815,115,1905,GM_815,10,HOU,16,OKC,,
816,116,1905,GM_816,6,CLE,3,PIT,,
817,116,1905,GM_817,4,BKN,5,BOS,,
818,116,1905,GM_818,2,NYC,7,DET,,
819,116,1905,GM_819,16,OKC,9,CHR,,
820,116,1905,GM_820,14,KCM,11,SDT,,
821,116,1905,GM_821,12,LAP,13,SFN,,
822,117,1905,GM_822,6,CLE,3,PIT,,
823,117,1905,GM_823,4,BKN,5,BOS,,
824,117,1905,GM_824,2,NYC,7,DET,,
825,117,1905,GM_825,1,WAS,8,PHI,,
826,117,1905,GM_826,16,OKC,9,CHR,,
827,117,1905,GM_827,15,OAK,10,HOU,,
828,117,1905,GM_828,14,KCM,11,SDT,,
829,117,1905,GM_829,12,LAP,13,SFN,,
830,118,1905,GM_830,6,CLE,3,PIT,,
831,118,1905,GM_831,4,BKN,5,BOS,,
832,118,1905,GM_832,2,NYC,7,DET,,
833,118,1905,GM_833,1,WAS,8,PHI,,
834,118,1905,GM_834,16,OKC,9,CHR,,
835,118,1905,GM_835,15,OAK,10,HOU,,
836,118,1905,GM_836,14,KCM,11,SDT,,
837,118,1905,GM_837,12,LAP,13,SFN,,
838,119,1905,GM_838,6,CLE,3,PIT,,
839,119,1905,GM_839,4,BKN,5,BOS,,
840,119,1905,GM_840,2,NYC,7,DET,,
841,119,1905,GM_841,1,WAS,8,PHI,,
842,119,1905,GM_842,16,OKC,9,CHR,,
843,119,1905,GM_843,15,OAK,10,HOU,,
844,119,1905,GM_844,14,KCM,11,SDT,,
845,119,1905,GM_845,12,LAP,13,SFN,,
846,120,1905,GM_846,1,WAS,4,BKN,,
847,120,1905,GM_847,5,BOS,8,PHI,,
848,120,1905,GM_848,9,CHR,12,LAP,,
849,120,1905,GM_849,16,OKC,13,SFN,,
850,120,1905,GM_850,14,KCM,15,OAK,,
851,121,1905,GM_851,2,NYC,3,PIT,,
852,121,1905,GM_852,1,WAS,4,BKN,,
853,121,1905,GM_853,7,DET,6,CLE,,
854,121,1905,GM_854,5,BOS,8,PHI,,
855,121,1905,GM_855,10,HOU,11,SDT,,
856,121,1905,GM_856,9,CHR,12,LAP,,
857,121,1905,GM_857,16,OKC,13,SFN,,
858,121,1905,GM_858,14,KCM,15,OAK,,
859,122,1905,GM_859,2,NYC,3,PIT,,
860,122,1905,GM_860,1,WAS,4,BKN,,
861,122,1905,GM_861,7,DET,6,CLE,,
862,122,1905,GM_862,5,BOS,8,PHI,,
863,122,1905,GM_863,10,HOU,11,SDT,,
864,122,1905,GM_864,9,CHR,12,LAP,,
865,122,1905,GM_865,16,OKC,13,SFN,,
866,122,1905,GM_866,14,KCM,15,OAK,,
867,123,1905,GM_867,2,NYC,3,PIT,,
868,123,1905,GM_868,7,DET,6,CLE,,
869,123,1905,GM_869,10,HOU,11,SDT,,
870,123,1905,GM_870,14,KCM,15,OAK,,
871,124,1905,GM_871,14,KCM,1,WAS,,
872,124,1905,GM_872,13,SFN,2,NYC,,
873,124,1905,GM_873,16,OKC,3,PIT,,
874,124,1905,GM_874,15,OAK,4,BKN,,
875,124,1905,GM_875,10,HOU,5,BOS,,
876,124,1905,GM_876,9,CHR,6,CLE,,
877,124,1905,GM_877,12,LAP,7,DET,,
878,124,1905,GM_878,11,SDT,8,PHI,,
879,125,1905,GM_879,14,KCM,1,WAS,,
880,125,1905,GM_880,13,SFN,2,NYC,,
881,125,1905,GM_881,16,OKC,3,PIT,,
882,125,1905,GM_882,15,OAK,4,BKN,,
883,125,1905,GM_883,10,HOU,5,BOS,,
884,125,1905,GM_884,9,CHR,6,CLE,,
885,125,1905,GM_885,12,LAP,7,DET,,
886,125,1905,GM_886,11,SDT,8,PHI,,
887,126,1905,GM_887,14,KCM,1,WAS,,
888,126,1905,GM_888,13,SFN,2,NYC,,
889,126,1905,GM_889,16,OKC,3,PIT,,
890,126,1905,GM_890,15,OAK,4,BKN,,
891,126,1905,GM_891,10,HOU,5,BOS,,
892,126,1905,GM_892,9,CHR,6,CLE,,
893,126,1905,GM_893,12,LAP,7,DET,,
894,126,1905,GM_894,11,SDT,8,PHI,,
895,127,1905,GM_895,6,CLE,10,HOU,,
896,127,1905,GM_896,8,PHI,12,LAP,,
897,127,1905,GM_897,1,WAS,13,SFN,,
898,127,1905,GM_898,3,PIT,15,OAK,,
899,127,1905,GM_899,4,BKN,16,OKC,,
900,128,1905,GM_900,5,BOS,9,CHR,,
901,128,1905,GM_901,6,CLE,10,HOU,,
902,128,1905,GM_902,7,DET,11,SDT,,
903,128,1905,GM_903,8,PHI,12,LAP,,
904,128,1905,GM_904,1,WAS,13,SFN,,
905,128,1905,GM_905,2,NYC,14,KCM,,
906,128,1905,GM_906,3,PIT,15,OAK,,
907,128,1905,GM_907,4,BKN,16,OKC,,
908,129,1905,GM_908,5,BOS,9,CHR,,
909,129,1905,GM_909,6,CLE,10,HOU,,
910,129,1905,GM_910,7,DET,11,SDT,,
911,129,1905,GM_911,8,PHI,12,LAP,,
912,129,1905,GM_912,1,WAS,13,SFN,,
913,129,1905,GM_913,2,NYC,14,KCM,,
914,129,1905,GM_914,3,PIT,15,OAK,,
915,129,1905,GM_915,4,BKN,16,OKC,,
916,130,1905,GM_916,5,BOS,9,CHR,,
917,130,1905,GM_917,7,DET,11,SDT,,
918,130,1905,GM_918,2,NYC,14,KCM,,
919,131,1905,GM_919,8,PHI,9,CHR,,
920,131,1905,GM_920,7,DET,10,HOU,,
921,131,1905,GM_921,2,NYC,11,SDT,,
922,131,1905,GM_922,1,WAS,12,LAP,,
923,131,1905,GM_923,4,BKN,13,SFN,,
924,131,1905,GM_924,3,PIT,14,KCM,,
925,131,1905,GM_925,6,CLE,15,OAK,,
926,131,1905,GM_926,5,BOS,16,OKC,,
927,132,1905,GM_927,8,PHI,9,CHR,,
928,132,1905,GM_928,7,DET,10,HOU,,
929,132,1905,GM_929,2,NYC,11,SDT,,
930,132,1905,GM_930,1,WAS,12,LAP,,
931,132,1905,GM_931,4,BKN,13,SFN,,
932,132,1905,GM_932,3,PIT,14,KCM,,
933,132,1905,GM_933,6,CLE,15,OAK,,
934,132,1905,GM_934,5,BOS,16,OKC,,
935,133,1905,GM_935,8,PHI,9,CHR,,
936,133,1905,GM_936,7,DET,10,HOU,,
937,133,1905,GM_937,2,NYC,11,SDT,,
938,133,1905,GM_938,1,WAS,12,LAP,,
939,133,1905,GM_939,4,BKN,13,SFN,,
940,133,1905,GM_940,3,PIT,14,KCM,,
941,133,1905,GM_941,6,CLE,15,OAK,,
942,133,1905,GM_942,5,BOS,16,OKC,,
943,134,1905,GM_943,5,BOS,2,NYC,,
944,134,1905,GM_944,8,PHI,3,PIT,,
945,134,1905,GM_945,7,DET,4,BKN,,
946,134,1905,GM_946,14,KCM,9,CHR,,
947,134,1905,GM_947,13,SFN,10,HOU,,
948,135,1905,GM_948,6,CLE,1,WAS,,
949,135,1905,GM_949,5,BOS,2,NYC,,
950,135,1905,GM_950,8,PHI,3,PIT,,
951,135,1905,GM_951,7,DET,4,BKN,,
952,135,1905,GM_952,14,KCM,9,CHR,,
953,135,1905,GM_953,13,SFN,10,HOU,,
954,135,1905,GM_954,15,OAK,12,LAP,,
955,135,1905,GM_955,11,SDT,16,OKC,,
956,136,1905,GM_956,6,CLE,1,WAS,,
957,136,1905,GM_957,5,BOS,2,NYC,,
958,136,1905,GM_958,8,PHI,3,PIT,,
959,136,1905,GM_959,7,DET,4,BKN,,
960,136,1905,GM_960,14,KCM,9,CHR,,
961,136,1905,GM_961,13,SFN,10,HOU,,
962,136,1905,GM_962,15,OAK,12,LAP,,
963,136,1905,GM_963,11,SDT,16,OKC,,
964,137,1905,GM_964,6,CLE,1,WAS,,
965,137,1905,GM_965,8,PHI,4,BKN,,
966,137,1905,GM_966,3,PIT,7,DET,,
967,137,1905,GM_967,15,OAK,12,LAP,,
968,137,1905,GM_968,9,CHR,13,SFN,,
969,137,1905,GM_969,11,SDT,16,OKC,,
970,138,1905,GM_970,5,BOS,1,WAS,,
971,138,1905,GM_971,8,PHI,4,BKN,,
972,138,1905,GM_972,2,NYC,6,CLE,,
973,138,1905,GM_973,3,PIT,7,DET,,
974,138,1905,GM_974,15,OAK,11,SDT,,
975,138,1905,GM_975,9,CHR,13,SFN,,
976,138,1905,GM_976,10,HOU,14,KCM,,
977,138,1905,GM_977,12,LAP,16,OKC,,
978,139,1905,GM_978,5,BOS,1,WAS,,
979,139,1905,GM_979,8,PHI,4,BKN,,
980,139,1905,GM_980,2,NYC,6,CLE,,
981,139,1905,GM_981,3,PIT,7,DET,,
982,139,1905,GM_982,15,OAK,11,SDT,,
983,139,1905,GM_983,9,CHR,13,SFN,,
984,139,1905,GM_984,10,HOU,14,KCM,,
985,139,1905,GM_985,12,LAP,16,OKC,,
986,140,1905,GM_986,5,BOS,1,WAS,,
987,140,1905,GM_987,8,PHI,4,BKN,,
988,140,1905,GM_988,2,NYC,6,CLE,,
989,140,1905,GM_989,3,PIT,7,DET,,
990,140,1905,GM_990,15,OAK,11,SDT,,
991,140,1905,GM_991,9,CHR,13,SFN,,
992,140,1905,GM_992,10,HOU,14,KCM,,
993,140,1905,GM_993,12,LAP,16,OKC,,
994,141,1905,GM_994,2,NYC,1,WAS,,
995,141,1905,GM_995,4,BKN,3,PIT,,
996,141,1905,GM_996,6,CLE,5,BOS,,
997,141,1905,GM_997,7,DET,8,PHI,,
998,141,1905,GM_998,10,HOU,9,CHR,,
999,141,1905,GM_999,12,LAP,11,SDT,,
1000,141,1905,GM_1000,13,SFN,14,KCM,,
1001,141,1905,GM_1001,16,OKC,15,OAK,,
1002,142,1905,GM_1002,2,NYC,1,WAS,,
1003,142,1905,GM_1003,4,BKN,3,PIT,,
1004,142,1905,GM_1004,6,CLE,5,BOS,,
1005,142,1905,GM_1005,7,DET,8,PHI,,
1006,142,1905,GM_1006,10,HOU,9,CHR,,
1007,142,1905,GM_1007,12,LAP,11,SDT,,
1008,142,1905,GM_1008,13,SFN,14,KCM,,
1009,142,1905,GM_1009,16,OKC,15,OAK,,
1010,143,1905,GM_1010,2,NYC,1,WAS,,
1011,143,1905,GM_1011,4,BKN,3,PIT,,
1012,143,1905,GM_1012,6,CLE,5,BOS,,
1013,143,1905,GM_1013,7,DET,8,PHI,,
1014,143,1905,GM_1014,10,HOU,9,CHR,,
1015,143,1905,GM_1015,12,LAP,11,SDT,,
1016,143,1905,GM_1016,13,SFN,14,KCM,,
1017,143,1905,GM_1017,16,OKC,15,OAK,,
1018,144,1905,GM_1018,3,PIT,1,WAS,,
1019,144,1905,GM_1019,4,BKN,2,NYC,,
1020,144,1905,GM_1020,7,DET,5,BOS,,
1021,144,1905,GM_1021,8,PHI,6,CLE,,
1022,144,1905,GM_1022,11,SDT,9,CHR,,
1023,144,1905,GM_1023,12,LAP,10,HOU,,
1024,144,1905,GM_1024,15,OAK,13,SFN,,
1025,145,1905,GM_1025,3,PIT,1,WAS,,
1026,145,1905,GM_1026,4,BKN,2,NYC,,
1027,145,1905,GM_1027,7,DET,5,BOS,,
1028,145,1905,GM_1028,8,PHI,6,CLE,,
1029,145,1905,GM_1029,11,SDT,9,CHR,,
1030,145,1905,GM_1030,12,LAP,10,HOU,,
1031,145,1905,GM_1031,15,OAK,13,SFN,,
1032,145,1905,GM_1032,14,KCM,16,OKC,,
1033,146,1905,GM_1033,3,PIT,1,WAS,,
1034,146,1905,GM_1034,4,BKN,2,NYC,,
1035,146,1905,GM_1035,7,DET,5,BOS,,
1036,146,1905,GM_1036,8,PHI,6,CLE,,
1037,146,1905,GM_1037,11,SDT,9,CHR,,
1038,146,1905,GM_1038,12,LAP,10,HOU,,
1039,146,1905,GM_1039,15,OAK,13,SFN,,
1040,146,1905,GM_1040,14,KCM,16,OKC,,
1041,147,1905,GM_1041,3,PIT,1,WAS,,
1042,147,1905,GM_1042,4,BKN,2,NYC,,
1043,147,1905,GM_1043,7,DET,5,BOS,,
1044,147,1905,GM_1044,8,PHI,6,CLE,,
1045,147,1905,GM_1045,11,SDT,9,CHR,,
1046,147,1905,GM_1046,12,LAP,10,HOU,,
1047,147,1905,GM_1047,15,OAK,13,SFN,,
1048,147,1905,GM_1048,14,KCM,16,OKC,,
1049,148,1905,GM_1049,1,WAS,11,SDT,,
1050,148,1905,GM_1050,2,NYC,12,LAP,,
1051,148,1905,GM_1051,5,BOS,15,OAK,,
1052,149,1905,GM_1052,7,DET,9,CHR,,
1053,149,1905,GM_1053,8,PHI,10,HOU,,
1054,149,1905,GM_1054,1,WAS,11,SDT,,
1055,149,1905,GM_1055,2,NYC,12,LAP,,
1056,149,1905,GM_1056,3,PIT,13,SFN,,
1057,149,1905,GM_1057,4,BKN,14,KCM,,
1058,149,1905,GM_1058,5,BOS,15,OAK,,
1059,149,1905,GM_1059,6,CLE,16,OKC,,
1060,150,1905,GM_1060,7,DET,9,CHR,,
1061,150,1905,GM_1061,8,PHI,10,HOU,,
1062,150,1905,GM_1062,1,WAS,11,SDT,,
1063,150,1905,GM_1063,2,NYC,12,LAP,,
1064,150,1905,GM_1064,3,PIT,13,SFN,,
1065,150,1905,GM_1065,4,BKN,14,KCM,,
1066,150,1905,GM_1066,5,BOS,15,OAK,,
1067,150,1905,GM_1067,6,CLE,16,OKC,,
1068,151,1905,GM_1068,7,DET,9,CHR,,
1069,151,1905,GM_1069,8,PHI,10,HOU,,
1070,151,1905,GM_1070,3,PIT,13,SFN,,
1071,151,1905,GM_1071,4,BKN,14,KCM,,
1072,151,1905,GM_1072,6,CLE,16,OKC,,
1073,152,1905,GM_1073,3,PIT,9,CHR,,
1074,152,1905,GM_1074,4,BKN,10,HOU,,
1075,152,1905,GM_1075,5,BOS,11,SDT,,
1076,152,1905,GM_1076,6,CLE,12,LAP,,
1077,152,1905,GM_1077,7,DET,13,SFN,,
1078,152,1905,GM_1078,8,PHI,14,KCM,,
1079,152,1905,GM_1079,1,WAS,15,OAK,,
1080,152,1905,GM_1080,2,NYC,16,OKC,,
1081,153,1905,GM_1081,3,PIT,9,CHR,,
1082,153,1905,GM_1082,4,BKN,10,HOU,,
1083,153,1905,GM_1083,5,BOS,11,SDT,,
1084,153,1905,GM_1084,6,CLE,12,LAP,,
1085,153,1905,GM_1085,7,DET,13,SFN,,
1086,153,1905,GM_1086,8,PHI,14,KCM,,
1087,153,1905,GM_1087,1,WAS,15,OAK,,
1088,153,1905,GM_1088,2,NYC,16,OKC,,
1089,154,1905,GM_1089,3,PIT,9,CHR,,
1090,154,1905,GM_1090,4,BKN,10,HOU,,
1091,154,1905,GM_1091,5,BOS,11,SDT,,
1092,154,1905,GM_1092,6,CLE,12,LAP,,
1093,154,1905,GM_1093,7,DET,13,SFN,,
1094,154,1905,GM_1094,8,PHI,14,KCM,,
1095,154,1905,GM_1095,1,WAS,15,OAK,,
1096,154,1905,GM_1096,2,NYC,16,OKC,,
1097,155,1905,GM_1097,15,OAK,2,NYC,,
1098,155,1905,GM_1098,10,HOU,3,PIT,,
1099,155,1905,GM_1099,12,LAP,5,BOS,,
1100,155,1905,GM_1100,11,SDT,6,CLE,,
1101,155,1905,GM_1101,13,SFN,8,PHI,,
1102,156,1905,GM_1102,16,OKC,1,WAS,,
1103,156,1905,GM_1103,15,OAK,2,NYC,,
1104,156,1905,GM_1104,10,HOU,3,PIT,,
1105,156,1905,GM_1105,9,CHR,4,BKN,,
1106,156,1905,GM_1106,12,LAP,5,BOS,,
1107,156,1905,GM_1107,11,SDT,6,CLE,,
1108,156,1905,GM_1108,14,KCM,7,DET,,
1109,156,1905,GM_1109,13,SFN,8,PHI,,
1110,157,1905,GM_1110,16,OKC,1,WAS,,
1111,157,1905,GM_1111,15,OAK,2,NYC,,
1112,157,1905,GM_1112,10,HOU,3,PIT,,
1113,157,1905,GM_1113,9,CHR,4,BKN,,
1114,157,1905,GM_1114,12,LAP,5,BOS,,
1115,157,1905,GM_1115,11,SDT,6,CLE,,
1116,157,1905,GM_1116,14,KCM,7,DET,,
1117,157,1905,GM_1117,13,SFN,8,PHI,,
1118,158,1905,GM_1118,16,OKC,1,WAS,,
1119,158,1905,GM_1119,6,CLE,2,NYC,,
1120,158,1905,GM_1120,9,CHR,4,BKN,,
1121,158,1905,GM_1121,14,KCM,7,DET,,
1122,159,1905,GM_1122,5,BOS,1,WAS,,
1123,159,1905,GM_1123,6,CLE,2,NYC,,
1124,159,1905,GM_1124,7,DET,3,PIT,,
1125,159,1905,GM_1125,4,BKN,8,PHI,,
1126,159,1905,GM_1126,13,SFN,9,CHR,,
1127,159,1905,GM_1127,15,OAK,11,SDT,,
1128,159,1905,GM_1128,10,HOU,14,KCM,,
1129,159,1905,GM_1129,12,LAP,16,OKC,,
1130,160,1905,GM_1130,5,BOS,1,WAS,,
1131,160,1905,GM_1131,6,CLE,2,NYC,,
1132,160,1905,GM_1132,7,DET,3,PIT,,
1133,160,1905,GM_1133,4,BKN,8,PHI,,
1134,160,1905,GM_1134,13,SFN,9,CHR,,
1135,160,1905,GM_1135,15,OAK,11,SDT,,
1136,160,1905,GM_1136,10,HOU,14,KCM,,
1137,160,1905,GM_1137,12,LAP,16,OKC,,
1138,161,1905,GM_1138,5,BOS,1,WAS,,
1139,161,1905,GM_1139,6,CLE,2,NYC,,
1140,161,1905,GM_1140,7,DET,3,PIT,,
1141,161,1905,GM_1141,4,BKN,8,PHI,,
1142,161,1905,GM_1142,13,SFN,9,CHR,,
1143,161,1905,GM_1143,15,OAK,11,SDT,,
1144,161,1905,GM_1144,10,HOU,14,KCM,,
1145,161,1905,GM_1145,12,LAP,16,OKC,,
1146,162,1905,GM_1146,7,DET,2,NYC,,
1147,162,1905,GM_1147,6,CLE,3,PIT,,
1148,162,1905,GM_1148,1,WAS,8,PHI,,
1149,162,1905,GM_1149,11,SDT,14,KCM,,
1150,162,1905,GM_1150,10,HOU,15,OAK,,
1151,163,1905,GM_1151,7,DET,2,NYC,,
1152,163,1905,GM_1152,6,CLE,3,PIT,,
1153,163,1905,GM_1153,5,BOS,4,BKN,,
1154,163,1905,GM_1154,1,WAS,8,PHI,,
1155,163,1905,GM_1155,13,SFN,12,LAP,,
1156,163,1905,GM_1156,11,SDT,14,KCM,,
1157,163,1905,GM_1157,10,HOU,15,OAK,,
1158,163,1905,GM_1158,9,CHR,16,OKC,,
1159,164,1905,GM_1159,7,DET,2,NYC,,
1160,164,1905,GM_1160,6,CLE,3,PIT,,
1161,164,1905,GM_1161,5,BOS,4,BKN,,
1162,164,1905,GM_1162,1,WAS,8,PHI,,
1163,164,1905,GM_1163,13,SFN,12,LAP,,
1164,164,1905,GM_1164,11,SDT,14,KCM,,
1165,164,1905,GM_1165,10,HOU,15,OAK,,
1166,164,1905,GM_1166,9,CHR,16,OKC,,
1167,165,1905,GM_1167,5,BOS,4,BKN,,
1168,165,1905,GM_1168,6,CLE,7,DET,,
1169,165,1905,GM_1169,13,SFN,12,LAP,,
1170,165,1905,GM_1170,10,HOU,15,OAK,,
1171,165,1905,GM_1171,9,CHR,16,OKC,,
1172,166,1905,GM_1172,4,BKN,1,WAS,,
1173,166,1905,GM_1173,3,PIT,2,NYC,,
1174,166,1905,GM_1174,8,PHI,5,BOS,,
1175,166,1905,GM_1175,6,CLE,7,DET,,
1176,166,1905,GM_1176,12,LAP,9,CHR,,
1177,166,1905,GM_1177,11,SDT,10,HOU,,
1178,166,1905,GM_1178,15,OAK,14,KCM,,
1179,166,1905,GM_1179,13,SFN,16,OKC,,
1180,167,1905,GM_1180,4,BKN,1,WAS,,
1181,167,1905,GM_1181,3,PIT,2,NYC,,
1182,167,1905,GM_1182,8,PHI,5,BOS,,
1183,167,1905,GM_1183,6,CLE,7,DET,,
1184,167,1905,GM_1184,12,LAP,9,CHR,,
1185,167,1905,GM_1185,11,SDT,10,HOU,,
1186,167,1905,GM_1186,15,OAK,14,KCM,,
1187,167,1905,GM_1187,13,SFN,16,OKC,,
1188,168,1905,GM_1188,4,BKN,1,WAS,,
1189,168,1905,GM_1189,3,PIT,2,NYC,,
1190,168,1905,GM_1190,8,PHI,5,BOS,,
1191,168,1905,GM_1191,6,CLE,7,DET,,
1192,168,1905,GM_1192,12,LAP,9,CHR,,
1193,168,1905,GM_1193,11,SDT,10,HOU,,
1194,168,1905,GM_1194,15,OAK,14,KCM,,
1195,168,1905,GM_1195,13,SFN,16,OKC,,
1196,169,1905,GM_1196,3,PIT,8,PHI,,
1197,169,1905,GM_1197,16,OKC,11,SDT,,
1198,169,1905,GM_1198,9,CHR,14,KCM,,
1199,170,1905,GM_1199,2,NYC,5,BOS,,
1200,170,1905,GM_1200,1,WAS,6,CLE,,
1201,170,1905,GM_1201,4,BKN,7,DET,,
1202,170,1905,GM_1202,3,PIT,8,PHI,,
1203,170,1905,GM_1203,16,OKC,11,SDT,,
1204,170,1905,GM_1204,10,HOU,13,SFN,,
1205,170,1905,GM_1205,9,CHR,14,KCM,,
1206,170,1905,GM_1206,12,LAP,15,OAK,,
1207,171,1905,GM_1207,2,NYC,5,BOS,,
1208,171,1905,GM_1208,1,WAS,6,CLE,,
1209,171,1905,GM_1209,4,BKN,7,DET,,
1210,171,1905,GM_1210,3,PIT,8,PHI,,
1211,171,1905,GM_1211,16,OKC,11,SDT,,
1212,171,1905,GM_1212,10,HOU,13,SFN,,
1213,171,1905,GM_1213,9,CHR,14,KCM,,
1214,171,1905,GM_1214,12,LAP,15,OAK,,
1215,172,1905,GM_1215,2,NYC,5,BOS,,
1216,172,1905,GM_1216,1,WAS,6,CLE,,
1217,172,1905,GM_1217,4,BKN,7,DET,,
1218,172,1905,GM_1218,10,HOU,13,SFN,,
1219,172,1905,GM_1219,12,LAP,15,OAK,,
1220,173,1905,GM_1220,7,DET,1,WAS,,
1221,173,1905,GM_1221,8,PHI,2,NYC,,
1222,173,1905,GM_1222,5,BOS,3,PIT,,
1223,173,1905,GM_1223,6,CLE,4,BKN,,
1224,173,1905,GM_1224,15,OAK,9,CHR,,
1225,173,1905,GM_1225,16,OKC,10,HOU,,
1226,173,1905,GM_1226,13,SFN,11,SDT,,
1227,173,1905,GM_1227,14,KCM,12,LAP,,
1228,174,1905,GM_1228,7,DET,1,WAS,,
1229,174,1905,GM_1229,8,PHI,2,NYC,,
1230,174,1905,GM_1230,5,BOS,3,PIT,,
1231,174,1905,GM_1231,6,CLE,4,BKN,,
1232,174,1905,GM_1232,15,OAK,9,CHR,,
1233,174,1905,GM_1233,16,OKC,10,HOU,,
1234,174,1905,GM_1234,13,SFN,11,SDT,,
1235,174,1905,GM_1235,14,KCM,12,LAP,,
1236,175,1905,GM_1236,7,DET,1,WAS,,
1237,175,1905,GM_1237,8,PHI,2,NYC,,
1238,175,1905,GM_1238,5,BOS,3,PIT,,
1239,175,1905,GM_1239,6,CLE,4,BKN,,
1240,175,1905,GM_1240,15,OAK,9,CHR,,
1241,175,1905,GM_1241,16,OKC,10,HOU,,
1242,175,1905,GM_1242,13,SFN,11,SDT,,
1243,175,1905,GM_1243,14,KCM,12,LAP,,
1244,176,1905,GM_1244,1,WAS,3,PIT,,
1245,176,1905,GM_1245,2,NYC,4,BKN,,
1246,176,1905,GM_1246,6,CLE,8,PHI,,
1247,176,1905,GM_1247,9,CHR,11,SDT,,
1248,176,1905,GM_1248,10,HOU,12,LAP,,
1249,176,1905,GM_1249,16,OKC,14,KCM,,
1250,176,1905,GM_1250,13,SFN,15,OAK,,
1251,177,1905,GM_1251,1,WAS,3,PIT,,
1252,177,1905,GM_1252,2,NYC,4,BKN,,
1253,177,1905,GM_1253,5,BOS,7,DET,,
1254,177,1905,GM_1254,6,CLE,8,PHI,,
1255,177,1905,GM_1255,9,CHR,11,SDT,,
1256,177,1905,GM_1256,10,HOU,12,LAP,,
1257,177,1905,GM_1257,16,OKC,14,KCM,,
1258,177,1905,GM_1258,13,SFN,15,OAK,,
1259,178,1905,GM_1259,1,WAS,3,PIT,,
1260,178,1905,GM_1260,2,NYC,4,BKN,,
1261,178,1905,GM_1261,5,BOS,7,DET,,
1262,178,1905,GM_1262,6,CLE,8,PHI,,
1263,178,1905,GM_1263,9,CHR,11,SDT,,
1264,178,1905,GM_1264,10,HOU,12,LAP,,
1265,178,1905,GM_1265,16,OKC,14,KCM,,
1266,178,1905,GM_1266,13,SFN,15,OAK,,
1267,179,1905,GM_1267,1,WAS,2,NYC,,
1268,179,1905,GM_1268,3,PIT,4,BKN,,
1269,179,1905,GM_1269,5,BOS,7,DET,,
1270,179,1905,GM_1270,9,CHR,10,HOU,,
1271,179,1905,GM_1271,11,SDT,12,LAP,,
1272,179,1905,GM_1272,15,OAK,16,OKC,,
1273,180,1905,GM_1273,1,WAS,2,NYC,,
1274,180,1905,GM_1274,3,PIT,4,BKN,,
1275,180,1905,GM_1275,5,BOS,6,CLE,,
1276,180,1905,GM_1276,8,PHI,7,DET,,
1277,180,1905,GM_1277,9,CHR,10,HOU,,
1278,180,1905,GM_1278,11,SDT,12,LAP,,
1279,180,1905,GM_1279,14,KCM,13,SFN,,
1280,180,1905,GM_1280,15,OAK,16,OKC,,
1281,181,1905,GM_1281,1,WAS,2,NYC,,
1282,181,1905,GM_1282,3,PIT,4,BKN,,
1283,181,1905,GM_1283,5,BOS,6,CLE,,
1284,181,1905,GM_1284,8,PHI,7,DET,,
1285,181,1905,GM_1285,9,CHR,10,HOU,,
1286,181,1905,GM_1286,11,SDT,12,LAP,,
1287,181,1905,GM_1287,14,KCM,13,SFN,,
1288,181,1905,GM_1288,15,OAK,16,OKC,,
1289,182,1905,GM_1289,1,WAS,2,NYC,,
1290,182,1905,GM_1290,3,PIT,4,BKN,,
1291,182,1905,GM_1291,5,BOS,6,CLE,,
1292,182,1905,GM_1292,8,PHI,7,DET,,
1293,182,1905,GM_1293,9,CHR,10,HOU,,
1294,182,1905,GM_1294,11,SDT,12,LAP,,
1295,182,1905,GM_1295,14,KCM,13,SFN,,
1296,182,1905,GM_1296,15,OAK,16,OKC,,
